PassCmp,PassAtt,PassYds,PassTd,PassInt,Sacks,SackYds,PassY/A,Cmp%,Qbr,RushAtt,RushYds,RushY/A,RushTd,FGM,FGA,XPM,XPA,Pnt,PntYds,3DConv,3DAtt,4DConv,4DAtt,ToP,Timestamp,Week,Day,Time,W/L,OT,Record,@,Opp,TmScore,OppScore,Off_1stDn,Off_Totyd,Off_PassYd,Off_RushYd,Off_TO,Def_1stDn,Def_Totyd,Def_PassYd,Def_RushYd,Def_TO,ExpOff,ExpDef,ExpSpTeams,Team,Year,month,year,Avg3Game,Avg6Game,Win%
20.0,28.0,222.0,2.0,2.0,1.0,8.0,8.2,71.4,88.7,29.0,120.0,4.1,0.0,2.0,2.0,3.0,3.0,4.0,215.0,2.0,10.0,0.0,1.0,30:25,2018-09-09,1,Sun,1:00PM ET,1,0,1-0,0,Tennessee Titans,27.0,20.0,18.0,342.0,222.0,120.0,2.0,19.0,336.0,220.0,116.0,3.0,-3.23,14.51,-3.3,mia,2018,9,2018,,,1.0
17.0,23.0,122.0,2.0,0.0,4.0,46.0,7.3,73.9,114.8,31.0,135.0,4.4,1.0,0.0,0.0,2.0,3.0,6.0,295.0,6.0,13.0,0.0,0.0,28:25,2018-09-16,2,Sun,1:00PM ET,1,0,2-0,1,New York Jets,20.0,12.0,18.0,257.0,122.0,135.0,2.0,21.0,362.0,320.0,42.0,3.0,-2.02,8.87,-0.32,mia,2018,9,2018,,,1.0
18.0,24.0,332.0,4.0,0.0,1.0,9.0,14.2,75.0,156.2,14.0,41.0,2.9,0.0,0.0,0.0,4.0,4.0,6.0,282.0,2.0,8.0,0.0,0.0,21:29,2018-09-23,3,Sun,1:00PM ET,1,0,3-0,0,Oakland Raiders,28.0,20.0,13.0,373.0,332.0,41.0,0.0,25.0,434.0,325.0,109.0,2.0,13.07,-9.08,7.77,mia,2018,9,2018,25.0,,1.0
15.0,25.0,116.0,1.0,1.0,2.0,19.0,5.4,60.0,68.1,18.0,56.0,3.1,0.0,0.0,0.0,1.0,1.0,7.0,293.0,3.0,11.0,1.0,1.0,23:38,2018-09-30,4,Sun,1:00PM ET,0,0,3-1,1,New England Patriots,7.0,38.0,11.0,172.0,116.0,56.0,2.0,26.0,449.0,274.0,175.0,2.0,-12.47,-21.55,6.26,mia,2018,9,2018,18.333333333333332,,0.75
20.0,35.0,169.0,1.0,2.0,3.0,16.0,5.3,57.1,55.5,22.0,128.0,5.8,0.0,1.0,1.0,2.0,2.0,5.0,209.0,4.0,13.0,1.0,1.0,29:25,2018-10-07,5,Sun,1:00PM ET,0,0,3-2,1,Cincinnati Bengals,17.0,27.0,17.0,297.0,169.0,128.0,3.0,17.0,332.0,229.0,103.0,1.0,-14.46,-0.18,5.85,mia,2018,10,2018,17.333333333333332,,0.6
28.0,44.0,380.0,3.0,2.0,0.0,0.0,8.6,63.6,94.9,31.0,161.0,5.2,0.0,3.0,3.0,2.0,2.0,4.0,162.0,8.0,17.0,0.0,0.0,36:35,2018-10-14,6,Sun,1:00PM ET,1,1,4-2,0,Chicago Bears,31.0,28.0,23.0,541.0,380.0,161.0,3.0,23.0,467.0,303.0,164.0,3.0,10.81,-12.66,5.41,mia,2018,10,2018,18.333333333333332,21.666666666666668,0.6666666666666666
22.0,31.0,215.0,2.0,0.0,4.0,24.0,7.7,71.0,111.6,19.0,107.0,5.6,1.0,0.0,1.0,3.0,3.0,4.0,182.0,6.0,11.0,0.0,0.0,26:21,2018-10-21,7,Sun,1:00PM ET,0,0,4-3,0,Detroit Lions,21.0,32.0,19.0,322.0,215.0,107.0,0.0,24.0,457.0,209.0,248.0,0.0,15.19,-22.39,-4.4,mia,2018,10,2018,23.0,20.666666666666668,0.5714285714285714
22.0,38.0,254.0,1.0,1.0,2.0,15.0,7.1,57.9,76.0,25.0,116.0,4.6,1.0,3.0,3.0,2.0,2.0,4.0,188.0,4.0,13.0,0.0,1.0,31:09,2018-10-25,8,Thu,8:20PM ET,0,0,4-4,1,Houston Texans,23.0,42.0,18.0,370.0,254.0,116.0,1.0,17.0,427.0,239.0,188.0,0.0,1.41,-26.51,8.12,mia,2018,10,2018,25.0,21.166666666666668,0.5
15.0,24.0,104.0,0.0,0.0,4.0,35.0,5.8,62.5,72.2,27.0,64.0,2.4,0.0,2.0,2.0,1.0,1.0,9.0,402.0,3.0,16.0,2.0,2.0,28:26,2018-11-04,9,Sun,1:00PM ET,1,0,5-4,0,New York Jets,13.0,6.0,7.0,168.0,104.0,64.0,0.0,15.0,282.0,202.0,80.0,4.0,-16.51,18.82,3.31,mia,2018,11,2018,19.0,18.666666666666668,0.5555555555555556
23.0,37.0,163.0,0.0,1.0,6.0,50.0,5.8,62.2,61.0,23.0,131.0,5.7,0.0,4.0,4.0,0.0,0.0,2.0,77.0,4.0,14.0,3.0,4.0,32:08,2018-11-11,10,Sun,4:25PM ET,0,0,5-5,1,Green Bay Packers,12.0,31.0,19.0,294.0,163.0,131.0,2.0,21.0,377.0,182.0,195.0,1.0,-12.66,-11.86,5.01,mia,2018,11,2018,16.0,19.5,0.5
17.0,25.0,201.0,2.0,0.0,1.0,3.0,8.2,68.0,118.9,25.0,113.0,4.5,1.0,1.0,1.0,3.0,3.0,6.0,285.0,4.0,11.0,0.0,0.0,28:06,2018-11-25,12,Sun,4:25PM ET,0,0,5-6,1,Indianapolis Colts,24.0,27.0,14.0,314.0,201.0,113.0,1.0,26.0,455.0,337.0,118.0,3.0,3.02,-12.34,5.47,mia,2018,11,2018,16.333333333333332,20.666666666666668,0.45454545454545453
16.0,24.0,115.0,3.0,1.0,3.0,22.0,5.7,66.7,99.8,23.0,60.0,2.6,0.0,0.0,0.0,3.0,3.0,7.0,320.0,2.0,9.0,0.0,0.0,27:03,2018-12-02,13,Sun,1:00PM ET,1,0,6-6,0,Buffalo Bills,21.0,17.0,15.0,175.0,115.0,60.0,1.0,24.0,415.0,217.0,198.0,3.0,0.01,-10.93,9.78,mia,2018,12,2018,19.0,19.0,0.5
14.0,19.0,223.0,3.0,0.0,5.0,42.0,13.9,73.7,152.0,21.0,189.0,9.0,2.0,0.0,0.0,4.0,4.0,6.0,170.0,1.0,7.0,0.0,0.0,24:46,2018-12-09,14,Sun,1:00PM ET,1,0,7-6,0,New England Patriots,34.0,33.0,20.0,412.0,223.0,189.0,0.0,28.0,421.0,344.0,77.0,0.0,19.73,-21.02,0.46,mia,2018,12,2018,26.333333333333332,21.166666666666668,0.5384615384615384
11.0,24.0,37.0,0.0,0.0,9.0,71.0,4.5,45.8,52.8,20.0,156.0,7.8,1.0,1.0,1.0,2.0,2.0,7.0,351.0,2.0,12.0,0.0,2.0,26:44,2018-12-16,15,Sun,1:00PM ET,0,0,7-7,1,Minnesota Vikings,17.0,41.0,12.0,193.0,37.0,156.0,0.0,22.0,418.0,198.0,220.0,1.0,-14.15,-10.62,-1.19,mia,2018,12,2018,24.0,20.166666666666668,0.5
15.0,22.0,121.0,1.0,1.0,3.0,25.0,6.6,68.2,78.0,18.0,62.0,3.4,0.0,0.0,1.0,1.0,1.0,6.0,278.0,2.0,9.0,0.0,0.0,25:15,2018-12-23,16,Sun,1:00PM ET,0,0,7-8,0,Jacksonville Jaguars,7.0,17.0,11.0,183.0,121.0,62.0,2.0,19.0,244.0,118.0,126.0,1.0,-15.96,2.6,-0.98,mia,2018,12,2018,19.333333333333332,19.166666666666668,0.4666666666666667
19.0,32.0,126.0,1.0,2.0,4.0,24.0,4.7,59.4,52.3,25.0,99.0,4.0,0.0,1.0,1.0,2.0,2.0,5.0,175.0,3.0,12.0,1.0,1.0,29:42,2018-12-30,17,Sun,1:00PM ET,0,0,7-9,1,Buffalo Bills,17.0,42.0,17.0,225.0,126.0,99.0,4.0,23.0,381.0,215.0,166.0,1.0,-16.21,-13.1,4.96,mia,2018,12,2018,13.666666666666666,20.0,0.4375
15.0,32.0,179.0,1.0,2.0,3.0,11.0,5.9,46.9,48.8,12.0,21.0,1.8,0.0,1.0,1.0,1.0,1.0,6.0,322.0,3.0,10.0,0.0,0.0,19:53,2019-09-08,1,Sun,1:00PM ET,0,0,0-1,0,Baltimore Ravens,10.0,59.0,12.0,200.0,179.0,21.0,3.0,31.0,643.0,378.0,265.0,0.0,-9.29,-42.69,-0.99,mia,2019,9,2019,,,0.0
18.0,39.0,142.0,0.0,4.0,7.0,44.0,4.8,46.2,16.1,15.0,42.0,2.8,0.0,0.0,0.0,0.0,0.0,7.0,298.0,2.0,15.0,2.0,4.0,23:30,2019-09-15,2,Sun,1:00PM ET,0,0,0-2,0,New England Patriots,0.0,43.0,11.0,184.0,142.0,42.0,4.0,27.0,379.0,255.0,124.0,1.0,-35.44,-14.12,12.05,mia,2019,9,2019,,,0.0
20.0,41.0,211.0,0.0,0.0,3.0,18.0,5.6,48.8,64.2,24.0,72.0,3.0,0.0,2.0,3.0,0.0,0.0,5.0,219.0,3.0,15.0,1.0,3.0,29:04,2019-09-22,3,Sun,1:00PM ET,0,0,0-3,1,Dallas Cowboys,6.0,31.0,17.0,283.0,211.0,72.0,1.0,28.0,476.0,241.0,235.0,1.0,-14.0,-19.62,6.19,mia,2019,9,2019,5.333333333333333,,0.0
17.0,24.0,161.0,1.0,1.0,5.0,19.0,7.5,70.8,85.6,18.0,72.0,4.0,0.0,1.0,3.0,1.0,1.0,2.0,103.0,5.0,10.0,0.0,1.0,22:24,2019-09-29,4,Sun,1:00PM ET,0,0,0-4,0,Los Angeles Chargers,10.0,30.0,13.0,233.0,161.0,72.0,1.0,24.0,390.0,311.0,79.0,0.0,0.41,-15.45,-3.89,mia,2019,9,2019,5.333333333333333,,0.0
27.0,43.0,187.0,1.0,2.0,5.0,30.0,5.0,62.8,60.9,21.0,84.0,4.0,1.0,1.0,1.0,1.0,1.0,7.0,310.0,3.0,14.0,2.0,2.0,32:39,2019-10-13,6,Sun,1:00PM ET,0,0,0-5,0,Washington Redskins,16.0,17.0,21.0,271.0,187.0,84.0,2.0,13.0,311.0,166.0,145.0,0.0,-9.38,-1.22,5.99,mia,2019,10,2019,10.666666666666666,,0.0
23.0,35.0,272.0,1.0,1.0,1.0,10.0,8.1,65.7,86.8,30.0,109.0,3.6,2.0,0.0,0.0,3.0,3.0,4.0,196.0,7.0,13.0,2.0,2.0,33:31,2019-10-20,7,Sun,1:00PM ET,0,0,0-6,1,Buffalo Bills,21.0,31.0,24.0,381.0,272.0,109.0,2.0,17.0,305.0,188.0,117.0,0.0,5.68,-5.07,-3.71,mia,2019,10,2019,15.666666666666666,10.5,0.0
21.0,34.0,170.0,2.0,2.0,4.0,20.0,5.6,61.8,69.5,19.0,60.0,3.2,0.0,0.0,0.0,2.0,2.0,2.0,93.0,3.0,8.0,0.0,2.0,24:42,2019-10-28,8,Mon,8:15PM ET,0,0,0-7,1,Pittsburgh Steelers,14.0,27.0,16.0,230.0,170.0,60.0,4.0,21.0,394.0,236.0,158.0,1.0,-12.16,-5.58,3.84,mia,2019,10,2019,17.0,11.166666666666666,0.0
24.0,36.0,266.0,3.0,0.0,4.0,22.0,8.0,66.7,116.2,24.0,50.0,2.1,0.0,1.0,2.0,3.0,3.0,4.0,166.0,6.0,12.0,0.0,0.0,31:14,2019-11-03,9,Sun,1:00PM ET,1,0,1-7,0,New York Jets,26.0,18.0,22.0,316.0,266.0,50.0,0.0,17.0,321.0,238.0,83.0,1.0,9.94,2.76,-3.06,mia,2019,11,2019,20.333333333333332,15.5,0.125
21.0,33.0,159.0,0.0,1.0,3.0,10.0,5.1,63.6,62.6,26.0,70.0,2.7,1.0,3.0,3.0,1.0,1.0,5.0,227.0,6.0,16.0,1.0,2.0,31:28,2019-11-10,10,Sun,4:05PM ET,1,0,2-7,1,Indianapolis Colts,16.0,12.0,13.0,229.0,159.0,70.0,2.0,19.0,300.0,191.0,109.0,3.0,-16.73,16.98,3.1,mia,2019,11,2019,18.666666666666668,17.166666666666668,0.2222222222222222
32.0,45.0,280.0,0.0,0.0,7.0,43.0,7.2,71.1,87.3,13.0,23.0,1.8,2.0,0.0,0.0,2.0,2.0,6.0,262.0,4.0,14.0,1.0,4.0,29:51,2019-11-17,11,Sun,1:00PM ET,0,0,2-8,0,Buffalo Bills,20.0,37.0,19.0,303.0,280.0,23.0,1.0,22.0,424.0,256.0,168.0,0.0,-11.58,-15.2,7.56,mia,2019,11,2019,20.666666666666668,18.833333333333332,0.2
21.0,39.0,192.0,2.0,2.0,4.0,22.0,5.5,53.8,63.2,20.0,92.0,4.6,1.0,1.0,1.0,3.0,3.0,4.0,178.0,6.0,14.0,0.0,1.0,23:54,2019-11-24,12,Sun,1:00PM ET,0,0,2-9,1,Cleveland Browns,24.0,41.0,22.0,284.0,192.0,92.0,2.0,30.0,467.0,320.0,147.0,1.0,5.91,-26.93,3.5,mia,2019,11,2019,20.0,20.166666666666668,0.18181818181818182
28.0,40.0,351.0,4.0,1.0,3.0,15.0,9.2,70.0,119.9,20.0,58.0,2.9,1.0,1.0,1.0,2.0,3.0,3.0,96.0,5.0,12.0,3.0,3.0,31:18,2019-12-01,13,Sun,1:00PM ET,1,0,3-9,0,Philadelphia Eagles,37.0,31.0,26.0,409.0,351.0,58.0,1.0,23.0,386.0,294.0,92.0,1.0,16.93,-11.33,-0.08,mia,2019,12,2019,27.0,22.833333333333332,0.25
21.0,37.0,240.0,0.0,1.0,2.0,5.0,6.6,56.8,65.1,26.0,122.0,4.7,0.0,7.0,8.0,0.0,0.0,1.0,45.0,4.0,13.0,0.0,0.0,30:06,2019-12-08,14,Sun,1:00PM ET,0,0,3-10,1,New York Jets,21.0,22.0,22.0,362.0,240.0,122.0,1.0,22.0,374.0,262.0,112.0,1.0,5.46,-5.93,-0.46,mia,2019,12,2019,27.333333333333332,24.0,0.23076923076923078
23.0,41.0,262.0,2.0,0.0,3.0,17.0,6.8,56.1,91.7,25.0,122.0,4.9,0.0,2.0,3.0,2.0,2.0,3.0,126.0,3.0,13.0,1.0,3.0,28:53,2019-12-15,15,Sun,1:00PM ET,0,0,3-11,1,New York Giants,20.0,36.0,22.0,384.0,262.0,122.0,1.0,24.0,412.0,274.0,138.0,3.0,0.43,-13.11,-4.97,mia,2019,12,2019,26.0,23.0,0.21428571428571427
31.0,52.0,406.0,4.0,1.0,2.0,13.0,8.1,59.6,101.9,34.0,96.0,2.8,1.0,1.0,2.0,5.0,5.0,6.0,294.0,6.0,16.0,0.0,0.0,36:24,2019-12-22,16,Sun,1:00PM ET,1,1,4-11,0,Cincinnati Bengals,38.0,35.0,29.0,502.0,406.0,96.0,1.0,25.0,430.0,371.0,59.0,1.0,21.63,-7.22,-8.48,mia,2019,12,2019,26.333333333333332,26.666666666666668,0.26666666666666666
29.0,44.0,326.0,1.0,0.0,2.0,14.0,7.7,65.9,95.5,22.0,63.0,2.9,1.0,2.0,2.0,3.0,3.0,4.0,170.0,5.0,12.0,0.0,1.0,33:51,2019-12-29,17,Sun,1:00PM ET,1,0,5-11,1,New England Patriots,27.0,24.0,26.0,389.0,326.0,63.0,0.0,18.0,352.0,217.0,135.0,2.0,13.34,-6.29,-4.09,mia,2019,12,2019,28.333333333333332,27.833333333333332,0.3125
20.0,30.0,182.0,0.0,3.0,1.0,9.0,6.4,66.7,43.3,27.0,87.0,3.2,1.0,1.0,1.0,0.0,0.0,3.0,152.0,4.0,11.0,0.0,0.0,25:11,2020-09-13,1,Sun,1:00PM ET,0,0,0-1,1,New England Patriots,11.0,21.0,20.0,269.0,182.0,87.0,3.0,29.0,357.0,140.0,217.0,1.0,-2.2,-14.11,5.64,mia,2020,9,2020,,,0.0
31.0,47.0,311.0,2.0,0.0,3.0,17.0,7.0,66.0,98.8,22.0,99.0,4.5,1.0,2.0,2.0,2.0,2.0,5.0,262.0,5.0,12.0,0.0,1.0,31:05,2020-09-20,2,Sun,1:00PM ET,0,0,0-2,0,Buffalo Bills,28.0,31.0,28.0,410.0,311.0,99.0,0.0,23.0,523.0,411.0,112.0,1.0,12.7,-21.16,2.3,mia,2020,9,2020,,,0.0
18.0,20.0,156.0,2.0,0.0,1.0,4.0,8.0,90.0,132.5,36.0,138.0,3.8,2.0,1.0,1.0,4.0,4.0,4.0,164.0,7.0,13.0,1.0,1.0,34:22,2020-09-24,3,Thu,8:20PM ET,1,0,1-2,1,Jacksonville Jaguars,31.0,13.0,23.0,294.0,156.0,138.0,0.0,22.0,318.0,246.0,72.0,2.0,12.93,5.61,-1.87,mia,2020,9,2020,23.333333333333332,,0.3333333333333333
29.0,45.0,312.0,0.0,2.0,1.0,3.0,7.0,64.4,66.2,22.0,103.0,4.7,1.0,5.0,5.0,0.0,0.0,1.0,51.0,7.0,13.0,0.0,0.0,33:09,2020-10-04,4,Sun,1:00PM ET,0,0,1-3,0,Seattle Seahawks,23.0,31.0,25.0,415.0,312.0,103.0,2.0,26.0,441.0,343.0,98.0,1.0,7.12,-16.11,1.32,mia,2020,10,2020,27.333333333333332,,0.25
22.0,28.0,342.0,3.0,0.0,2.0,8.0,12.5,78.6,153.3,33.0,94.0,2.8,1.0,5.0,5.0,4.0,4.0,2.0,84.0,4.0,12.0,2.0,2.0,36:53,2020-10-11,5,Sun,4:05PM ET,1,0,2-3,1,San Francisco 49ers,43.0,17.0,22.0,436.0,342.0,94.0,0.0,19.0,259.0,128.0,131.0,3.0,19.36,9.48,0.03,mia,2020,10,2020,32.333333333333336,,0.4
20.0,29.0,192.0,3.0,2.0,2.0,8.0,6.9,69.0,92.9,25.0,110.0,4.4,0.0,1.0,1.0,3.0,3.0,7.0,282.0,1.0,9.0,0.0,0.0,28:05,2020-10-18,6,Sun,4:05PM ET,1,0,3-3,0,New York Jets,24.0,0.0,18.0,302.0,192.0,110.0,2.0,13.0,263.0,148.0,115.0,1.0,0.32,18.17,3.79,mia,2020,10,2020,30.0,26.666666666666668,0.5
12.0,22.0,90.0,1.0,0.0,1.0,3.0,4.2,54.5,79.7,25.0,55.0,2.2,1.0,0.0,0.0,4.0,4.0,9.0,385.0,3.0,12.0,0.0,0.0,23:30,2020-11-01,8,Sun,1:00PM ET,1,0,4-3,0,Los Angeles Rams,28.0,17.0,8.0,145.0,90.0,55.0,2.0,31.0,471.0,340.0,131.0,4.0,-21.63,18.41,12.41,mia,2020,11,2020,31.666666666666668,29.5,0.5714285714285714
20.0,28.0,221.0,2.0,0.0,3.0,27.0,8.9,71.4,118.3,25.0,91.0,3.6,1.0,2.0,2.0,4.0,4.0,3.0,125.0,4.0,8.0,0.0,0.0,28:57,2020-11-08,9,Sun,4:25PM ET,1,0,5-3,1,Arizona Cardinals,34.0,31.0,24.0,312.0,221.0,91.0,0.0,26.0,442.0,264.0,178.0,1.0,15.28,-17.94,6.36,mia,2020,11,2020,28.666666666666668,30.5,0.625
15.0,25.0,169.0,2.0,0.0,0.0,0.0,6.8,60.0,106.9,32.0,111.0,3.5,1.0,3.0,4.0,2.0,2.0,2.0,104.0,5.0,14.0,0.0,0.0,30:06,2020-11-15,10,Sun,4:05PM ET,1,0,6-3,0,Los Angeles Chargers,29.0,21.0,17.0,280.0,169.0,111.0,1.0,19.0,273.0,174.0,99.0,1.0,-7.96,1.88,14.67,mia,2020,11,2020,30.333333333333332,30.166666666666668,0.6666666666666666
23.0,38.0,167.0,1.0,1.0,6.0,33.0,5.3,60.5,68.6,17.0,56.0,3.3,0.0,2.0,2.0,1.0,1.0,6.0,284.0,7.0,16.0,0.0,0.0,29:41,2020-11-22,11,Sun,4:05PM ET,0,0,6-4,1,Denver Broncos,13.0,20.0,17.0,223.0,167.0,56.0,1.0,19.0,459.0,270.0,189.0,2.0,-6.76,-9.2,4.92,mia,2020,11,2020,25.333333333333332,28.5,0.6
24.0,39.0,241.0,2.0,0.0,4.0,16.0,6.6,61.5,96.2,25.0,104.0,4.2,0.0,2.0,2.0,2.0,2.0,4.0,142.0,8.0,16.0,0.0,0.0,32:37,2020-11-29,12,Sun,1:00PM ET,1,0,7-4,1,New York Jets,20.0,3.0,22.0,345.0,241.0,104.0,2.0,10.0,260.0,173.0,87.0,2.0,1.9,15.02,3.01,mia,2020,11,2020,20.666666666666668,24.666666666666668,0.6363636363636364
26.0,39.0,296.0,1.0,0.0,0.0,0.0,7.6,66.7,97.8,28.0,110.0,3.9,0.0,4.0,4.0,1.0,1.0,4.0,180.0,1.0,10.0,1.0,1.0,32:16,2020-12-06,13,Sun,1:00PM ET,1,0,8-4,0,Cincinnati Bengals,19.0,7.0,23.0,406.0,296.0,110.0,1.0,12.0,196.0,156.0,40.0,2.0,5.94,7.2,-1.67,mia,2020,12,2020,17.333333333333332,23.833333333333332,0.6666666666666666
28.0,49.0,287.0,2.0,1.0,4.0,29.0,6.4,57.1,79.2,24.0,80.0,3.3,1.0,2.0,3.0,3.0,3.0,5.0,234.0,7.0,15.0,0.0,0.0,31:30,2020-12-13,14,Sun,1:00PM ET,0,0,8-5,0,Kansas City Chiefs,27.0,33.0,27.0,367.0,287.0,80.0,1.0,22.0,448.0,354.0,94.0,4.0,10.4,-3.61,-14.14,mia,2020,12,2020,22.0,23.666666666666668,0.6153846153846154
20.0,26.0,133.0,0.0,1.0,2.0,12.0,5.6,76.9,71.5,42.0,250.0,6.0,3.0,0.0,1.0,2.0,2.0,3.0,140.0,7.0,12.0,1.0,1.0,37:26,2020-12-20,15,Sun,1:00PM ET,1,0,9-5,0,New England Patriots,22.0,12.0,26.0,383.0,133.0,250.0,1.0,18.0,303.0,186.0,117.0,1.0,16.71,1.0,-6.16,mia,2020,12,2020,22.666666666666668,21.666666666666668,0.6428571428571429
26.0,35.0,253.0,2.0,0.0,3.0,23.0,7.9,74.3,113.2,25.0,130.0,5.2,0.0,4.0,4.0,2.0,2.0,5.0,233.0,5.0,15.0,2.0,2.0,33:01,2020-12-26,16,Sat,8:15PM ET,1,0,10-5,1,Las Vegas Raiders,26.0,25.0,18.0,383.0,253.0,130.0,0.0,23.0,418.0,314.0,104.0,1.0,6.02,-11.22,3.21,mia,2020,12,2020,25.0,21.166666666666668,0.6666666666666666
36.0,59.0,384.0,1.0,3.0,1.0,9.0,6.7,61.0,64.5,20.0,70.0,3.5,2.0,2.0,2.0,2.0,2.0,5.0,218.0,3.0,14.0,1.0,2.0,32:38,2020-01-03,17,Sun,1:00PM ET,0,0,10-6,1,Buffalo Bills,26.0,56.0,27.0,454.0,384.0,70.0,4.0,24.0,455.0,377.0,78.0,2.0,-8.17,-19.85,-2.88,mia,2020,1,2020,24.666666666666668,23.333333333333332,0.625
16.0,27.0,185.0,1.0,1.0,2.0,17.0,7.5,59.3,76.9,23.0,74.0,3.2,1.0,1.0,1.0,2.0,2.0,4.0,180.0,4.0,11.0,0.0,0.0,23:17,2021-09-12,1,Sun,4:25PM ET,1,0,1-0,1,New England Patriots,17.0,16.0,16.0,259.0,185.0,74.0,1.0,24.0,393.0,268.0,125.0,2.0,-0.74,-5.75,6.05,mia,2021,9,2021,,,1.0
25.0,44.0,145.0,0.0,1.0,6.0,37.0,4.1,56.8,53.7,20.0,71.0,3.6,0.0,0.0,0.0,0.0,0.0,5.0,222.0,8.0,18.0,0.0,4.0,31:34,2021-09-19,2,Sun,1:00PM ET,0,0,1-1,0,Buffalo Bills,0.0,35.0,13.0,216.0,145.0,71.0,3.0,21.0,314.0,171.0,143.0,2.0,-24.67,-8.16,0.37,mia,2021,9,2021,,,0.5
32.0,49.0,197.0,0.0,0.0,2.0,18.0,4.4,65.3,73.3,27.0,133.0,4.9,2.0,2.0,3.0,2.0,2.0,4.0,155.0,6.0,18.0,3.0,4.0,31:13,2021-09-26,3,Sun,4:05PM ET,0,1,1-2,1,Las Vegas Raiders,28.0,31.0,22.0,330.0,197.0,133.0,0.0,28.0,497.0,357.0,140.0,1.0,5.04,-7.21,-0.43,mia,2021,9,2021,15.0,,0.3333333333333333
20.0,30.0,168.0,2.0,0.0,3.0,31.0,6.6,66.7,103.2,16.0,35.0,2.2,0.0,1.0,1.0,2.0,2.0,5.0,239.0,3.0,11.0,2.0,2.0,22:51,2021-10-03,4,Sun,1:00PM ET,0,0,1-3,0,Indianapolis Colts,17.0,27.0,13.0,203.0,168.0,35.0,2.0,20.0,349.0,210.0,139.0,1.0,-1.62,-8.09,-4.01,mia,2021,10,2021,15.0,,0.25
27.0,39.0,262.0,2.0,1.0,3.0,13.0,7.1,69.2,94.2,9.0,39.0,4.3,0.0,1.0,1.0,2.0,2.0,4.0,154.0,2.0,7.0,0.0,0.0,22:53,2021-10-10,5,Sun,1:00PM ET,0,0,1-4,1,Tampa Bay Buccaneers,17.0,45.0,17.0,301.0,262.0,39.0,2.0,33.0,558.0,437.0,121.0,0.0,4.28,-40.54,3.08,mia,2021,10,2021,20.666666666666668,,0.2
34.0,48.0,354.0,2.0,1.0,0.0,0.0,7.4,70.8,97.0,20.0,77.0,3.9,0.0,2.0,3.0,2.0,2.0,4.0,158.0,9.0,17.0,1.0,2.0,32:40,2021-10-17,6,Sun,9:30AM ET,0,0,1-5,1,Jacksonville Jaguars,20.0,23.0,23.0,431.0,354.0,77.0,1.0,21.0,396.0,312.0,84.0,1.0,6.22,-4.44,-2.72,mia,2021,10,2021,18.0,16.5,0.16666666666666666
32.0,40.0,281.0,4.0,2.0,1.0,10.0,7.3,80.0,108.4,29.0,132.0,4.6,0.0,0.0,1.0,4.0,4.0,3.0,154.0,7.0,11.0,0.0,0.0,34:38,2021-10-24,7,Sun,1:00PM ET,0,0,1-6,0,Atlanta Falcons,28.0,30.0,27.0,413.0,281.0,132.0,2.0,21.0,397.0,325.0,72.0,2.0,10.04,-10.55,-0.22,mia,2021,10,2021,21.666666666666668,18.333333333333332,0.14285714285714285
21.0,39.0,194.0,0.0,1.0,2.0,11.0,5.3,53.8,57.0,23.0,68.0,3.0,1.0,1.0,2.0,0.0,0.0,5.0,259.0,4.0,14.0,1.0,1.0,29:13,2021-10-31,8,Sun,1:00PM ET,0,0,1-7,1,Buffalo Bills,11.0,26.0,16.0,262.0,194.0,68.0,2.0,24.0,351.0,249.0,102.0,0.0,-8.74,-4.52,-1.89,mia,2021,10,2021,19.666666666666668,20.166666666666668,0.125
26.0,43.0,215.0,1.0,2.0,4.0,29.0,5.7,60.5,61.7,25.0,47.0,1.9,1.0,1.0,1.0,2.0,2.0,5.0,207.0,9.0,16.0,0.0,0.0,31:52,2021-11-07,9,Sun,1:00PM ET,1,0,2-7,0,Houston Texans,17.0,9.0,22.0,262.0,215.0,47.0,5.0,14.0,272.0,199.0,73.0,4.0,-8.14,19.43,-4.21,mia,2021,11,2021,18.666666666666668,18.333333333333332,0.2222222222222222
19.0,36.0,290.0,0.0,0.0,4.0,24.0,8.7,52.8,79.6,22.0,60.0,2.7,1.0,3.0,3.0,1.0,1.0,8.0,348.0,3.0,13.0,0.0,0.0,28:11,2021-11-11,10,Thu,8:20PM ET,1,0,3-7,0,Baltimore Ravens,22.0,10.0,17.0,350.0,290.0,60.0,0.0,23.0,304.0,210.0,94.0,2.0,-4.72,13.81,0.84,mia,2021,11,2021,16.666666666666668,19.166666666666668,0.3
27.0,34.0,273.0,2.0,1.0,0.0,0.0,8.0,79.4,107.5,33.0,115.0,3.5,1.0,1.0,2.0,3.0,3.0,4.0,191.0,8.0,14.0,0.0,0.0,33:35,2021-11-21,11,Sun,1:00PM ET,1,0,4-7,1,New York Jets,24.0,17.0,20.0,388.0,273.0,115.0,1.0,18.0,380.0,278.0,102.0,1.0,13.14,-5.03,0.94,mia,2021,11,2021,21.0,20.333333333333332,0.36363636363636365
27.0,31.0,204.0,1.0,0.0,2.0,26.0,7.4,87.1,104.8,39.0,111.0,2.8,2.0,2.0,2.0,3.0,4.0,4.0,162.0,6.0,14.0,2.0,2.0,37:34,2021-11-28,12,Sun,1:00PM ET,1,0,5-7,0,Carolina Panthers,33.0,10.0,22.0,315.0,204.0,111.0,1.0,10.0,198.0,134.0,64.0,3.0,1.89,17.24,2.85,mia,2021,11,2021,26.333333333333332,22.5,0.4166666666666667
30.0,41.0,229.0,2.0,0.0,2.0,15.0,6.0,73.2,102.6,25.0,68.0,2.7,0.0,2.0,3.0,2.0,2.0,6.0,290.0,6.0,15.0,0.0,0.0,30:40,2021-12-05,13,Sun,1:00PM ET,1,0,6-7,0,New York Giants,20.0,9.0,19.0,297.0,229.0,68.0,0.0,16.0,250.0,159.0,91.0,1.0,1.6,6.39,3.32,mia,2021,12,2021,25.666666666666668,21.166666666666668,0.46153846153846156
16.0,27.0,196.0,2.0,2.0,1.0,0.0,7.3,59.3,75.5,42.0,183.0,4.4,2.0,1.0,1.0,4.0,4.0,3.0,159.0,5.0,12.0,2.0,3.0,34:22,2021-12-19,15,Sun,1:00PM ET,1,0,7-7,0,New York Jets,31.0,24.0,23.0,379.0,196.0,183.0,3.0,16.0,228.0,126.0,102.0,1.0,2.65,6.38,-1.79,mia,2021,12,2021,28.0,24.5,0.5
19.0,26.0,173.0,1.0,1.0,3.0,25.0,7.6,73.1,87.5,30.0,86.0,2.9,0.0,2.0,3.0,2.0,2.0,6.0,255.0,5.0,15.0,0.0,0.0,33:56,2021-12-27,16,Mon,8:15PM ET,1,0,8-7,1,New Orleans Saints,20.0,3.0,16.0,259.0,173.0,86.0,1.0,10.0,164.0,81.0,83.0,2.0,-3.16,24.8,-3.21,mia,2021,12,2021,23.666666666666668,25.0,0.5333333333333333
18.0,39.0,182.0,0.0,1.0,4.0,23.0,5.3,46.2,49.3,16.0,74.0,4.6,0.0,1.0,2.0,0.0,0.0,4.0,147.0,3.0,12.0,1.0,3.0,26:48,2021-01-02,17,Sun,1:00PM ET,0,0,8-8,1,Tennessee Titans,3.0,34.0,16.0,256.0,182.0,74.0,2.0,17.0,308.0,110.0,198.0,0.0,-14.86,-7.95,-6.05,mia,2021,1,2021,18.0,21.833333333333332,0.5
